-- MySQL dump 10.13  Distrib 5.7.9, for osx10.9 (x86_64)
--
-- Host: db.docker    Database: example
-- ------------------------------------------------------
-- Server version	5.7.11

/*!40101 SET @OLD_CHARACTER_SET_CLIENT=@@CHARACTER_SET_CLIENT */;
/*!40101 SET @OLD_CHARACTER_SET_RESULTS=@@CHARACTER_SET_RESULTS */;
/*!40101 SET @OLD_COLLATION_CONNECTION=@@COLLATION_CONNECTION */;
/*!40101 SET NAMES utf8 */;
/*!40103 SET @OLD_TIME_ZONE=@@TIME_ZONE */;
/*!40103 SET TIME_ZONE='+00:00' */;
/*!40014 SET @OLD_UNIQUE_CHECKS=@@UNIQUE_CHECKS, UNIQUE_CHECKS=0 */;
/*!40014 SET @OLD_FOREIGN_KEY_CHECKS=@@FOREIGN_KEY_CHECKS, FOREIGN_KEY_CHECKS=0 */;
/*!40101 SET @OLD_SQL_MODE=@@SQL_MODE, SQL_MODE='NO_AUTO_VALUE_ON_ZERO' */;
/*!40111 SET @OLD_SQL_NOTES=@@SQL_NOTES, SQL_NOTES=0 */;

--
-- Table structure for table `answer`
--

DROP TABLE IF EXISTS `answer`;
/*!40101 SET @saved_cs_client     = @@character_set_client */;
/*!40101 SET character_set_client = utf8 */;
CREATE TABLE `answer` (
  `id` int(11) NOT NULL AUTO_INCREMENT,
  `label` varchar(255) NOT NULL,
  `time` int(100) NOT NULL,
  `happiness` int(11) NOT NULL,
  `money` int(11) NOT NULL,
  `question_id` int(11) DEFAULT NULL,
  `question_related` int(11) DEFAULT NULL,
  `created_at` datetime NOT NULL,
  `updated_at` datetime NOT NULL,
  `deleted_at` datetime DEFAULT NULL,
  PRIMARY KEY (`id`)
) ENGINE=InnoDB AUTO_INCREMENT=302 DEFAULT CHARSET=latin1;
/*!40101 SET character_set_client = @saved_cs_client */;

--
-- Dumping data for table `answer`
--

LOCK TABLES `answer` WRITE;
/*!40000 ALTER TABLE `answer` DISABLE KEYS */;
INSERT INTO `answer` VALUES (1,'ejemplo',-2,3,1000,19,NULL,'0000-00-00 00:00:00','0000-00-00 00:00:00',NULL),(2,'exe',3,1,2,NULL,NULL,'2017-03-30 00:27:04','2017-03-30 00:27:04',NULL),(3,'dfa',3,3,3,NULL,NULL,'2017-03-30 00:27:04','2017-03-30 00:27:04',NULL),(4,'asdfs',1,1,1,39,NULL,'2017-03-30 00:30:11','2017-03-30 00:30:11',NULL),(5,'adfasf',1,1,1,39,NULL,'2017-03-30 00:30:11','2017-03-30 00:30:11',NULL),(7,'addf adfasdf',1,1,1,40,NULL,'2017-03-30 15:38:45','2017-03-30 15:38:45',NULL),(8,'Start a fight!',1,-2,-10,42,NULL,'2017-03-30 17:06:32','2017-03-31 13:55:57',NULL),(9,'Let’s call our PR agency',1,0,20,42,NULL,'2017-03-30 17:06:32','2017-03-31 13:56:05',NULL),(10,'Just use word of mouth like my grand dad used to do!',1,-6,10,43,NULL,'2017-03-30 17:14:11','2017-03-31 13:57:03',NULL),(11,'Mi casa es tu casa! Is cash fine?',1,10,-9,43,NULL,'2017-03-30 17:14:11','2017-03-31 13:57:04',NULL),(12,'Ahahah! Oh wait...you were serious??',1,-2,0,44,NULL,'2017-03-30 17:34:40','2017-03-30 17:34:40',NULL),(13,'Sounds fair! After all, they do all the hard work!',1,1,-10,44,NULL,'2017-03-30 17:34:40','2017-03-30 17:34:40',NULL),(14,'Ahahah! Oh wait...they are serious?!?',1,-11,5,45,NULL,'2017-03-30 17:35:57','2017-03-31 13:57:43',NULL),(15,'Sounds fair! After all, they do all the hard work!',1,5,-10,45,NULL,'2017-03-30 17:35:57','2017-03-31 13:57:42',NULL),(16,'Shut everything down!',1,10,0,46,NULL,'2017-03-30 17:37:13','2017-03-31 13:58:10',NULL),(17,'There no such thing as bad UX!',1,-6,-10,46,NULL,'2017-03-30 17:37:13','2017-03-31 13:58:10',NULL),(18,'Come on, man! Artificial Intelligence programs do not talk!',1,-5,0,47,NULL,'2017-03-30 17:40:14','2017-03-31 13:58:33',NULL),(19,'If M.A.R.Y. says so...ok!',1,5,-10,47,NULL,'2017-03-30 17:40:14','2017-03-31 13:58:31',NULL),(20,'This is game-changing!',1,6,1,48,153,'2017-03-30 17:42:10','2017-03-31 13:58:54',NULL),(21,'Better to focus on JARVIS',1,-6,3,48,NULL,'2017-03-30 17:42:10','2017-03-31 13:58:53',NULL),(22,'Duly noted',1,1,0,49,50,'2017-03-30 17:43:03','2017-03-30 18:18:18',NULL),(23,'Weirdness happens',1,-1,0,49,50,'2017-03-30 17:43:03','2017-03-30 18:12:50',NULL),(24,'Uhm...okay',1,5,0,50,51,'2017-03-30 17:49:43','2017-03-31 13:59:40',NULL),(25,'No time',1,-1,0,50,51,'2017-03-30 17:49:43','2017-03-30 18:24:51',NULL),(51,'Ignore',1,-2,0,NULL,NULL,'2017-03-30 18:44:40','2017-03-30 18:44:40',NULL),(52,'aefasd',1,1,1,51,1,'2017-03-30 18:48:16','2017-03-30 18:48:16',NULL),(53,'We are here to work, if you want to have fun go to an amusement park!',1,-8,0,52,NULL,'2017-03-30 18:49:20','2017-03-31 14:00:01',NULL),(55,'This is a great idea!',2,8,-2,52,NULL,'2017-03-30 18:50:30','2017-03-31 14:00:05',NULL),(56,'We are not “everybody”! We need to scale the company, sorry.',1,-6,12,53,NULL,'2017-03-30 18:52:18','2017-03-31 14:00:48',NULL),(57,'Let’s make it 11.00 AM so I can catch that plane for my weekend in Costa Rica!',1,9,-12,53,NULL,'2017-03-30 18:52:18','2017-03-31 14:00:45',NULL),(58,'Let\'s sponsor!',1,5,-2,54,57,'2017-03-30 18:55:16','2017-03-31 14:01:11',NULL),(59,'Some other time, buddy.',1,-5,0,54,NULL,'2017-03-30 18:55:16','2017-03-31 14:01:12',NULL),(66,'You gain 7 millions',1,2,7,57,54,'2017-03-30 18:58:41','2017-03-31 14:01:48',NULL),(67,'What do you mean “I lost”? The police just called me!',1,-5,0,58,NULL,'2017-03-30 19:09:41','2017-03-31 14:02:14',NULL),(68,'It’s okay my friend, feel free to either come by bicycle or work from home.',2,5,0,58,NULL,'2017-03-30 19:09:41','2017-03-31 14:02:11',NULL),(69,'It\'s okay, you can come to the office later.',2,4,10,59,NULL,'2017-03-30 19:11:20','2017-03-31 14:02:45',NULL),(70,'It seems you\'ll have to walk!',1,-3,8,59,NULL,'2017-03-30 19:11:20','2017-03-31 14:02:43',NULL),(71,'No way! Far too expensive...',1,-2,10,60,NULL,'2017-03-30 19:14:29','2017-03-30 19:14:29',NULL),(72,'Can I join?',1,6,-10,60,61,'2017-03-30 19:14:29','2017-03-31 14:03:23',NULL),(73,'We cannot have that public. Buy his silence!',1,-6,0,61,NULL,'2017-03-30 19:16:20','2017-03-31 14:04:06',NULL),(74,'I am sure he doesn\'t remember that.',1,5,-2,61,NULL,'2017-03-30 19:16:20','2017-03-31 14:04:03',NULL),(75,'After all, this is all “user acquisition”',0,5,-5,62,NULL,'2017-03-30 19:24:12','2017-03-31 14:04:29',NULL),(76,'Clementeeeeeee, can you come here for a moment??',1,-6,5,62,NULL,'2017-03-30 19:24:12','2017-03-31 14:04:31',NULL),(77,'Brainstorm!',2,6,15,63,NULL,'2017-03-30 19:25:13','2017-03-31 14:05:10',NULL),(78,'Copy&Steal!',1,-7,2,63,NULL,'2017-03-30 19:25:13','2017-03-31 14:05:06',NULL),(79,'Pop-ups are awful',2,-4,0,64,NULL,'2017-03-30 19:27:02','2017-03-31 14:05:33',NULL),(80,'Let\'s bury them!',1,5,5,64,NULL,'2017-03-30 19:27:02','2017-03-31 14:05:38',NULL),(81,'Let\'s do ads!',2,-3,-10,65,NULL,'2017-03-30 19:28:11','2017-03-31 14:06:10',NULL),(82,'Hire SEO expert.',1,4,-5,65,NULL,'2017-03-30 19:28:11','2017-03-31 14:06:03',NULL),(83,'People have cleaned their butts with leaves for centuries! We will survive.',1,-4,0,66,NULL,'2017-03-30 19:29:07','2017-03-31 14:06:36',NULL),(84,'Higiene comes first.',1,4,0,66,NULL,'2017-03-30 19:29:07','2017-03-31 14:06:35',NULL),(85,'People have cleaned their butts with leaves for centuries! We will survive.',1,-3,0,67,NULL,'2017-03-30 19:29:16','2017-03-30 19:29:16',NULL),(86,'Higiene comes first.',1,3,0,67,NULL,'2017-03-30 19:29:16','2017-03-30 19:29:16',NULL),(87,'Where is Alex when I need him?? AAAALEEEEX!!',1,0,0,68,NULL,'2017-03-30 19:30:05','2017-03-31 14:07:17',NULL),(88,'Shut up and take my money!',1,0,-10,68,NULL,'2017-03-30 19:30:05','2017-03-31 14:07:19',NULL),(89,'Just focus your mind on your job!',1,-5,0,69,NULL,'2017-03-30 19:31:09','2017-03-30 19:31:09',NULL),(90,'Let\'s buy!',1,6,-5,69,NULL,'2017-03-30 19:31:09','2017-03-31 14:07:43',NULL),(91,'No music at work, please',1,-6,0,70,NULL,'2017-03-30 19:36:59','2017-03-31 14:08:13',NULL),(92,'Six six six the number of the Beeeaaaast!!',1,5,-2,70,NULL,'2017-03-30 19:36:59','2017-03-31 14:08:15',NULL),(93,'Happy employees are productive employees, let’s raise the salaries!',1,8,-4,72,NULL,'2017-03-30 19:39:08','2017-03-30 19:39:08',NULL),(94,'Release my rottweiler dogs!',1,-4,4,72,NULL,'2017-03-30 19:39:08','2017-03-30 19:39:08',NULL),(95,'No way, let’s pay them now!',1,2,-8,73,NULL,'2017-03-30 19:40:44','2017-03-30 19:40:44',NULL),(96,'I didn’t want to pay them in the first place! Sure let’s wait!',1,-8,0,73,NULL,'2017-03-30 19:40:44','2017-03-30 19:40:44',NULL),(97,'Stephen Hawking thinks this is dangerous… But what does he know after all?! Let’s do it!',1,2,40,74,NULL,'2017-03-30 19:41:14','2017-03-30 19:41:14',NULL),(98,'Stephen Hawking thinks this is dangerous… Let’s wait and see',1,-2,-10,74,NULL,'2017-03-30 19:41:14','2017-03-30 19:41:14',NULL),(99,'Yogurt classes? What is this?',1,-5,0,75,NULL,'2017-03-30 19:44:34','2017-03-31 14:09:10',NULL),(100,'Sounds amazing!!! We can mix yoga and chocapics every Monday!',1,7,-6,75,77,'2017-03-30 19:44:34','2017-03-31 14:09:10',NULL),(101,'Go for it!',11,4,10,76,NULL,'2017-03-30 19:44:58','2017-03-31 14:09:40',NULL),(102,'We cannot, he is still digesting...!',1,-5,3,76,NULL,'2017-03-30 19:44:58','2017-03-31 14:09:36',NULL),(103,'Mmmm yes... why not!',1,2,-4,77,NULL,'2017-03-30 19:46:00','2017-03-30 19:46:00',NULL),(104,'People chose Chocapics instead...',1,0,2,77,NULL,'2017-03-30 19:46:00','2017-03-31 14:10:07',NULL),(105,'Raise salaries',1,7,-15,78,NULL,'2017-03-30 19:46:55','2017-03-31 14:10:25',NULL),(106,'Let\'s send out our recruiters',1,0,-5,78,NULL,'2017-03-30 19:46:55','2017-03-30 19:46:55',NULL),(107,'Sorry, we need you here...',1,-10,-4,79,83,'2017-03-30 19:50:22','2017-03-31 14:11:47',NULL),(108,'Send us a postcard!',1,9,-6,79,82,'2017-03-30 19:50:22','2017-03-31 14:11:43',NULL),(109,'Let’s invest more on this shit!',1,4,20,80,NULL,'2017-03-30 19:51:19','2017-03-31 14:12:15',NULL),(110,'Stop it! I love their burritos and I don’t want to lose them!',1,7,-10,80,NULL,'2017-03-30 19:51:19','2017-03-31 14:12:13',NULL),(111,'Yes of course!',1,3,5,81,NULL,'2017-03-30 19:53:39','2017-03-31 14:12:32',NULL),(112,'We cannot talk to you, look at you or think about you. You are a freelance. I’ve already said too much!',1,-2,10,81,NULL,'2017-03-30 19:53:39','2017-03-31 14:12:31',NULL),(113,'Bring him back!',1,0,-3,82,NULL,'2017-03-30 19:53:45','2017-03-31 14:12:50',NULL),(114,'Bring monkeys back!',1,3,-3,82,NULL,'2017-03-30 19:53:45','2017-03-31 14:12:50',NULL),(115,'Ok that\'s enough! This guy needs holidays, NOW!',1,5,2,83,82,'2017-03-30 19:55:19','2017-03-31 14:13:21',NULL),(116,'Sleep happens.',1,-5,-3,83,NULL,'2017-03-30 19:55:19','2017-03-31 14:13:13',NULL),(117,'I am the king of the world! You may leave now',1,4,3,84,NULL,'2017-03-30 19:55:31','2017-03-31 14:13:55',NULL),(118,'What am I doing? All my friends are traveling the Southeast Asia!',1,-4,5,84,NULL,'2017-03-30 19:55:31','2017-03-31 14:13:51',NULL),(119,'Our Business Intelligence department says that  it would drop our productivity by 87%',1,-4,10,85,NULL,'2017-03-30 19:57:48','2017-03-31 14:14:17',NULL),(120,'Don’t be cheap on me! Bring me 100 bottles of Chardonnay',1,6,-20,85,58,'2017-03-30 19:57:48','2017-03-31 14:14:17',NULL),(121,'Call them idiots',1,6,-4,86,NULL,'2017-03-30 19:58:23','2017-03-31 11:27:08',NULL),(122,'Be cool',1,0,2,86,NULL,'2017-03-30 19:58:23','2017-03-30 19:58:23',NULL),(123,'Ignore',1,0,-2,87,NULL,'2017-03-30 20:05:23','2017-03-31 14:15:06',NULL),(124,'Speak to him',1,5,0,87,88,'2017-03-30 20:05:23','2017-03-31 14:15:09',NULL),(125,'Get lost!',1,-2,0,88,90,'2017-03-30 20:08:02','2017-03-31 10:52:57',NULL),(126,'Adnaaaaaaaneeee??',1,0,-2,88,NULL,'2017-03-30 20:08:02','2017-03-31 10:52:57',NULL),(127,'Cash is King, you shall proceed!',1,-3,10,89,NULL,'2017-03-30 20:09:11','2017-03-30 20:09:11',NULL),(128,'Where is my fuckin’ burrito?!',1,6,-10,89,NULL,'2017-03-30 20:09:11','2017-03-31 14:15:49',NULL),(129,'Cool story, bro!',1,3,0,90,91,'2017-03-30 20:09:26','2017-03-30 20:13:26',NULL),(130,'Adnane, delete JARVIS project.',1,-3,-5,90,NULL,'2017-03-30 20:09:26','2017-03-31 10:51:29',NULL),(131,'You lost!',1,0,-1000,91,NULL,'2017-03-30 20:10:49','2017-03-30 23:17:56',NULL),(132,'Business comes first',1,-4,10,92,NULL,'2017-03-30 20:11:37','2017-03-31 14:16:30',NULL),(133,'Olele olala ser del Barça és, el millor que hi ha!',2,5,-3,92,NULL,'2017-03-30 20:11:37','2017-03-31 14:16:25',NULL),(134,'We are getting fat. Now gym is mandatory!',1,-6,0,93,NULL,'2017-03-30 20:13:53','2017-03-31 14:17:01',NULL),(135,'I guess it makes more sense to acquire Chocapik. Call my M&A agent!',1,6,-25,93,NULL,'2017-03-30 20:13:53','2017-03-31 14:17:01',NULL),(136,'Dude, you don’t work here anymore! What are you doing in Barcelona?!',1,-5,0,94,NULL,'2017-03-30 20:15:28','2017-03-31 14:17:32',NULL),(137,'Sounds fair buddy! Here’s a bonus to go to McDonald’s',1,1,-5,94,NULL,'2017-03-30 20:15:28','2017-03-31 14:17:31',NULL),(138,'It’s the least we can do!',3,6,-20,95,NULL,'2017-03-30 20:18:34','2017-03-31 14:18:21',NULL),(139,'Have fun explaining that to the Marketing Team!',1,-6,0,95,NULL,'2017-03-30 20:18:34','2017-03-31 14:18:12',NULL),(140,'Get out of my sight...',1,-6,0,96,NULL,'2017-03-30 20:20:12','2017-03-31 14:18:50',NULL),(141,'It\'s good advertising! Let\'s partner up!',1,7,-15,96,98,'2017-03-30 20:20:12','2017-03-31 14:18:52',NULL),(142,'Let’s move it to GoDaddy!',3,5,-20,97,NULL,'2017-03-30 20:21:22','2017-03-31 14:19:13',NULL),(143,'No, we trust in Amazon.',1,-2,10,97,NULL,'2017-03-30 20:21:22','2017-03-31 14:19:16',NULL),(144,'You gain 25 millions.',1,8,25,98,NULL,'2017-03-30 20:22:21','2017-03-31 14:19:34',NULL),(145,'Okie dokie!',1,-8,0,99,105,'2017-03-30 20:45:21','2017-03-31 14:21:55',NULL),(146,'I don’t trust you',1,0,0,99,NULL,'2017-03-30 20:45:21','2017-03-30 20:45:21',NULL),(147,'Okie dokie!',1,1,0,101,NULL,'2017-03-30 20:45:21','2017-03-30 20:45:21',NULL),(148,'I don’t trust you',1,1,0,101,NULL,'2017-03-30 20:45:21','2017-03-30 20:45:21',NULL),(149,'Okie dokie!',1,1,1,102,NULL,'2017-03-30 20:45:21','2017-03-30 20:45:21',NULL),(150,'I don’t trust you',1,1,1,102,NULL,'2017-03-30 20:45:21','2017-03-30 20:45:21',NULL),(151,'Okie dokie!',1,-1,0,103,NULL,'2017-03-30 20:45:21','2017-03-30 20:46:01',NULL),(152,'I don’t trust you',1,1,0,103,NULL,'2017-03-30 20:45:21','2017-03-30 20:45:21',NULL),(153,'No time',1,0,-2,104,NULL,'2017-03-30 20:49:55','2017-03-31 14:22:27',NULL),(154,'Sure',1,9,0,104,86,'2017-03-30 20:49:55','2017-03-30 20:50:11',NULL),(155,'You have been logged out from every website. You lose 1 full week of work.',4,-5,-10,105,99,'2017-03-30 20:50:17','2017-03-31 14:22:50',NULL),(156,'Put two more arms to Alberto',1,-2,-20,106,NULL,'2017-03-30 20:52:26','2017-03-30 20:52:26',NULL),(157,'It’s a great idea, but still only an idea',2,-2,0,106,NULL,'2017-03-30 20:52:26','2017-03-30 20:52:26',NULL),(158,'Bacoa for sure!',1,4,0,107,NULL,'2017-03-30 20:52:28','2017-03-30 20:52:28',NULL),(159,'I love mexican food... Panchito I choose you!',1,4,0,107,NULL,'2017-03-30 20:52:28','2017-03-30 20:52:28',NULL),(160,'There will be punishment!',1,-4,0,108,NULL,'2017-03-30 20:54:10','2017-03-30 20:54:10',NULL),(161,'Gnam gnam chomp chomp...oh sorry! What?',1,0,-4,108,NULL,'2017-03-30 20:54:10','2017-03-30 20:54:10',NULL),(162,'Go for it! That\'s an opportunity!',1,4,-50,109,NULL,'2017-03-30 20:54:32','2017-03-31 14:24:37',NULL),(163,'I don’t think that is legal…',1,0,0,109,NULL,'2017-03-30 20:54:32','2017-03-30 20:54:32',NULL),(164,'People die for less! No way.',1,-5,0,110,NULL,'2017-03-30 20:55:36','2017-03-30 20:55:36',NULL),(165,'Let\'s do this!',1,7,-4,110,111,'2017-03-30 20:55:36','2017-03-30 20:57:40',NULL),(166,'Nope..',1,-5,0,111,NULL,'2017-03-30 20:57:03','2017-03-30 20:57:03',NULL),(167,'The company will pay it! We need you back ASAP',1,7,-5,111,NULL,'2017-03-30 20:57:03','2017-03-30 20:57:03',NULL),(168,'You are damn right! I am sending an e-mail immediately!',1,5,0,112,NULL,'2017-03-30 20:59:45','2017-03-31 14:25:17',NULL),(169,'Oink Oink! Oops is that my dirty mug?',1,-5,0,112,NULL,'2017-03-30 20:59:45','2017-03-31 14:25:18',NULL),(170,'Sounds good and right! I am sending out an email  immediately.',1,5,0,113,114,'2017-03-30 21:00:22','2017-03-30 21:01:46',NULL),(171,'MEGALORD, you are fired!',1,0,7,113,NULL,'2017-03-30 21:00:22','2017-03-30 21:00:22',NULL),(172,'Well done!',1,10,3,114,NULL,'2017-03-30 21:01:25','2017-03-30 21:01:25',NULL),(173,'Slender him publicly!',1,-7,-2,115,NULL,'2017-03-30 21:03:27','2017-03-31 14:28:02',NULL),(174,'Try to talk to him',2,4,0,115,NULL,'2017-03-30 21:03:27','2017-03-30 21:03:27',NULL),(175,'Sure, I read it too!',1,10,-5,116,NULL,'2017-03-30 21:03:35','2017-03-30 21:03:35',NULL),(176,'Hmm...Did you write that article yourself?',1,-10,0,116,NULL,'2017-03-30 21:03:35','2017-03-30 21:03:35',NULL),(177,'If a customer doesn’t like the product, he is wrong. We don’t change anything',1,0,-30,117,NULL,'2017-03-30 21:05:19','2017-03-30 21:05:19',NULL),(178,'Maybe they are right, let’s behave from now on',1,0,10,117,NULL,'2017-03-30 21:05:19','2017-03-30 21:05:19',NULL),(179,'Again?! Call the police!!',1,0,-10,118,NULL,'2017-03-30 21:07:55','2017-03-31 12:40:23',NULL),(180,'That was me… It was...a test.',1,0,0,118,143,'2017-03-30 21:07:55','2017-03-31 12:40:24',NULL),(181,'No way! We’ve already lost 3 potential investors because of your poor taste in music!',1,-4,-30,119,NULL,'2017-03-30 21:12:12','2017-03-30 21:12:21',NULL),(182,'Jam me “Smoke On The Water” by Deep Purple!',1,6,0,119,NULL,'2017-03-30 21:12:12','2017-03-31 14:32:59',NULL),(183,'If you don’t like it here go back to your country and stay there, mangia-spaghetti!',1,-4,2,120,NULL,'2017-03-30 21:13:50','2017-03-31 14:33:37',NULL),(184,'Bring me some “pasta trafilata al bronzo”!',1,4,-2,120,121,'2017-03-30 21:13:50','2017-03-31 14:33:35',NULL),(185,'Ok, that’s enough! No more work from home for anyone!!',1,-5,-10,121,NULL,'2017-03-30 21:15:25','2017-03-31 11:15:43',NULL),(186,'Happy Samba classes!',1,3,0,121,NULL,'2017-03-30 21:15:25','2017-03-30 21:15:25',NULL),(187,'Install 5.1 audio system with metal-music playlist to cover any sound.',1,10,-2,122,NULL,'2017-03-30 21:16:39','2017-03-30 21:16:39',NULL),(188,'They can do number 2 at home.',1,-5,0,122,NULL,'2017-03-30 21:16:39','2017-03-30 21:16:39',NULL),(189,'Pay overtime.',1,4,-4,123,NULL,'2017-03-30 21:18:43','2017-03-30 21:18:43',NULL),(190,'Hire more people.',1,-4,-1,123,NULL,'2017-03-30 21:18:43','2017-03-30 21:18:43',NULL),(191,'You are a genius!',1,2,5,124,NULL,'2017-03-30 21:21:07','2017-03-30 21:21:07',NULL),(192,'I don’t know anything about pad...Marc, damn you!!',1,-2,-5,124,NULL,'2017-03-30 21:21:07','2017-03-30 21:21:07',NULL),(193,'Hahahahaha sure, and Huesca too (sarcasm)',1,0,0,125,NULL,'2017-03-30 21:23:39','2017-03-30 21:23:39',NULL),(194,'Let\'s conquer the world',1,5,-3,125,NULL,'2017-03-30 21:23:39','2017-03-30 21:23:39',NULL),(195,'Yes! Let’s start with a serie of 40 burpees!',1,6,-20,126,NULL,'2017-03-30 21:23:45','2017-03-31 14:35:16',NULL),(196,'We don’t like healthy people like you! Use an app or go to the park!',2,-6,5,126,NULL,'2017-03-30 21:23:45','2017-03-31 14:35:14',NULL),(197,'OMG I love \"callos\"! Let\'s deal with them.',1,6,-3,127,NULL,'2017-03-30 21:25:20','2017-03-30 21:25:20',NULL),(198,'Chinese people should cook dog. I\'m not racist',1,-6,0,127,NULL,'2017-03-30 21:25:20','2017-03-31 14:35:32',NULL),(199,'Sorry babe, I have a company to run!',1,-3,10,128,NULL,'2017-03-30 21:25:51','2017-03-30 21:25:51',NULL),(200,'How can I say no to the happiest person I’ve ever met?! Gimme that watering-can!',2,3,-10,128,NULL,'2017-03-30 21:25:51','2017-03-30 21:25:51',NULL),(201,'There\'s no such thing as bad publicity!',1,0,4,129,NULL,'2017-03-30 21:26:34','2017-03-30 21:26:34',NULL),(202,'This is not a zoo! Moreover there are people with allergies.',1,-2,15,130,NULL,'2017-03-30 21:28:15','2017-03-31 14:36:00',NULL),(203,'Yeeeeey puppieeeees!',1,10,-15,130,154,'2017-03-30 21:28:15','2017-03-31 14:35:58',NULL),(204,'I am your man!',1,5,0,131,NULL,'2017-03-30 21:28:45','2017-03-30 21:28:45',NULL),(205,'Is my hair getting white...?!?',1,5,0,131,NULL,'2017-03-30 21:28:45','2017-03-30 21:28:45',NULL),(206,'Good Riddance',1,-2,2,132,NULL,'2017-03-30 21:30:16','2017-03-31 14:36:42',NULL),(207,'Sign promotional deal',1,5,0,132,134,'2017-03-30 21:30:16','2017-03-31 14:36:43',NULL),(208,'Beer o\'clock! Look for the beer and you\'ll find our man!',1,4,-1,133,NULL,'2017-03-30 21:30:49','2017-03-30 21:30:49',NULL),(209,'He is probably doing a \"vaina\" somewhere in the office...',1,6,0,133,NULL,'2017-03-30 21:30:49','2017-03-31 14:37:06',NULL),(210,'Cash out',1,2,10,134,NULL,'2017-03-30 21:32:00','2017-03-30 22:17:43',NULL),(211,'Make him partner',1,2,5,134,157,'2017-03-30 21:32:00','2017-03-30 22:17:41',NULL),(212,'Tech is key!',1,2,-4,135,NULL,'2017-03-30 21:32:41','2017-03-30 21:32:41',NULL),(213,'Our fourth floor is packed already...',1,-5,4,135,NULL,'2017-03-30 21:32:41','2017-03-31 14:37:48',NULL),(214,'I\'ll follow your suggestion',1,0,0,136,NULL,'2017-03-30 21:33:53','2017-03-30 21:33:53',NULL),(215,'You just want me to be weak! No way',1,0,-6,136,NULL,'2017-03-30 21:33:53','2017-03-30 21:33:53',NULL),(216,'I don\'t trust you',1,0,15,137,NULL,'2017-03-30 21:40:56','2017-03-30 21:40:56',NULL),(217,'Let\'s go with that!',1,3,-8,137,NULL,'2017-03-30 21:40:56','2017-03-30 21:40:56',NULL),(218,'Let\'s do the same!',1,-5,-8,138,NULL,'2017-03-30 21:42:11','2017-03-31 00:07:36',NULL),(219,'Who are you and why the heck are you in the shadow?!?',1,0,0,138,NULL,'2017-03-30 21:42:11','2017-03-30 21:42:11',NULL),(220,'Let\'s behave like gentlemen, shall we?',2,-5,20,139,NULL,'2017-03-30 21:42:32','2017-03-30 21:42:32',NULL),(221,'Sword or gun? Choose your weapons.',1,5,-50,139,NULL,'2017-03-30 21:42:32','2017-03-30 21:42:32',NULL),(222,'To improve each last one of us',1,6,0,140,165,'2017-03-30 21:44:43','2017-03-31 14:38:27',NULL),(223,'Ooooh reaaaaallyyy? Poooor people...I feel sooooo guilty!',1,0,0,141,NULL,'2017-03-30 21:46:18','2017-03-30 21:46:18',NULL),(224,'Sorry, from now on I will focus on pessimism!',1,2,0,141,NULL,'2017-03-30 21:46:18','2017-03-30 21:46:18',NULL),(225,'Are you crazy? Milk and Chocapics are for free!',1,2,10,142,NULL,'2017-03-30 21:46:51','2017-03-30 21:46:51',NULL),(226,'Get me out of here!',1,-2,-10,142,NULL,'2017-03-30 21:46:51','2017-03-30 21:46:51',NULL),(227,'Less asking, more working!',1,-5,0,140,NULL,'2017-03-30 21:47:03','2017-03-31 14:37:45',NULL),(228,'For what?! This job is my whole life and cocaine helps!',1,2,15,143,173,'2017-03-30 21:48:42','2017-03-31 12:15:55',NULL),(229,'True that! This is not even a paid position...',1,-2,-5,143,NULL,'2017-03-30 21:48:42','2017-03-30 21:50:56',NULL),(230,'Let’s focus on one thing at a time.',1,5,0,144,NULL,'2017-03-30 21:49:22','2017-03-30 21:49:33',NULL),(231,'I feel synergies in the air! Let me write you a check.',1,8,-10,144,150,'2017-03-30 21:49:22','2017-03-30 21:56:06',NULL),(232,'I almost on top of the world',1,5,15,145,NULL,'2017-03-30 21:50:42','2017-03-30 21:50:42',NULL),(233,'I am dead inside',1,-10,5,145,NULL,'2017-03-30 21:50:42','2017-03-30 21:50:42',NULL),(234,'Why don’t you call it Cake of the Day?',1,3,0,146,NULL,'2017-03-30 21:51:02','2017-03-30 21:51:02',NULL),(235,'I think I am going to remember this one all my life!',1,3,0,146,NULL,'2017-03-30 21:51:02','2017-03-30 21:51:02',NULL),(236,'What is fair is fair! Adrian, you are now moved from Web Development to Design Intern.',1,0,-3,147,NULL,'2017-03-30 21:52:36','2017-03-30 21:52:36',NULL),(237,'Life is hard, buddy. Look at the bright side, there’s a Nintendo in the office!',1,-3,0,147,NULL,'2017-03-30 21:52:36','2017-03-30 21:52:36',NULL),(238,'No way!',1,2,0,148,151,'2017-03-30 21:52:38','2017-03-30 21:56:02',NULL),(239,'Okay!',2,-2,-5,148,NULL,'2017-03-30 21:52:38','2017-03-30 21:52:38',NULL),(240,'Great! Do you wanna play with the playstation?',1,5,10,149,NULL,'2017-03-30 21:54:06','2017-03-30 22:54:16',NULL),(241,'Call my lawyer!',1,-5,0,150,NULL,'2017-03-30 21:55:42','2017-03-30 21:55:42',NULL),(242,'Ok, just a bit more!',1,3,-3,150,156,'2017-03-30 21:55:42','2017-03-30 22:14:45',NULL),(243,'Coff...coff...okay...',3,5,-30,151,NULL,'2017-03-30 21:55:43','2017-03-31 14:35:38',NULL),(244,'Nope',1,-8,10,151,NULL,'2017-03-30 21:55:43','2017-03-31 14:35:37',NULL),(245,'You have a friendly face, I want to trust you. It’s done!',1,7,-5,152,NULL,'2017-03-30 21:59:51','2017-03-30 21:59:51',NULL),(246,'I am sorry, we have to prioritise other cities first.',1,-4,0,152,NULL,'2017-03-30 21:59:51','2017-03-30 23:48:17',NULL),(247,'The company will buy you a new computer',1,3,-10,153,NULL,'2017-03-30 22:01:18','2017-03-30 22:01:18',NULL),(248,'Well...the dog was hungry. Buy some more ping-pong balls',1,4,-5,154,NULL,'2017-03-30 22:01:28','2017-03-31 14:34:32',NULL),(249,'Can’t they spend their free time bringing the dog to the park? I have to focus on break-even point!',1,-4,0,154,NULL,'2017-03-30 22:01:28','2017-03-31 14:34:36',NULL),(250,'Nice to be your partner!',1,10,100,155,NULL,'2017-03-30 22:10:08','2017-03-30 22:10:36',NULL),(251,'Hurrey!!',1,5,10,156,NULL,'2017-03-30 22:14:00','2017-03-30 22:14:00',NULL),(252,'Stop partnership and take distance',1,-4,10,157,NULL,'2017-03-30 22:15:41','2017-03-30 22:22:06',NULL),(253,'That happens, have a croissant!',1,4,-10,157,161,'2017-03-30 22:15:41','2017-03-30 22:22:04',NULL),(254,'We are a startup! We have to do cool things that we can put on our blog! Proceed',1,4,-1,158,NULL,'2017-03-30 22:16:25','2017-03-30 22:16:25',NULL),(255,'I\'ll forget this conversation...',1,-4,1,158,NULL,'2017-03-30 22:16:25','2017-03-30 22:16:25',NULL),(256,'From now on every red traffic light is to be considered a green traffic light!',1,-3,2,159,NULL,'2017-03-30 22:18:22','2017-03-30 22:18:39',NULL),(257,'Happens...',1,0,0,159,NULL,'2017-03-30 22:18:22','2017-03-30 22:18:22',NULL),(258,'Genius Doche',1,8,-3,160,NULL,'2017-03-30 22:20:26','2017-03-30 22:20:26',NULL),(259,'Ambitious rookie',1,6,-1,160,NULL,'2017-03-30 22:20:26','2017-03-30 22:20:26',NULL),(260,'Nice to be your partner!',1,10,100,161,NULL,'2017-03-30 22:21:44','2017-03-31 11:11:55',NULL),(261,'Sure!',1,5,1,162,NULL,'2017-03-30 22:22:53','2017-03-30 22:22:53',NULL),(262,'No time!',1,0,0,162,NULL,'2017-03-30 22:22:53','2017-03-30 22:22:53',NULL),(263,'Pricing strategy??',1,4,-1,163,NULL,'2017-03-30 22:25:24','2017-03-30 22:25:24',NULL),(264,'Bluff',1,-4,5,163,NULL,'2017-03-30 22:25:24','2017-03-30 22:25:24',NULL),(265,'That\'s an easy one. It\'s a famous NBA team!',1,0,-5,164,NULL,'2017-03-30 22:26:30','2017-03-31 14:22:59',NULL),(266,'Today you win, tomorrow you lose',1,0,3,164,NULL,'2017-03-30 22:26:30','2017-03-31 14:22:57',NULL),(267,'Ooooh reaaaaallyyy? Poooor people...I feel sooooo guilty!',1,5,0,165,NULL,'2017-03-30 23:00:40','2017-03-30 23:00:40',NULL),(268,'Sorry, from now on I will focus on pessimism!',1,0,0,165,NULL,'2017-03-30 23:00:40','2017-03-30 23:00:40',NULL),(269,'Cool!',0,0,25,169,NULL,'2017-03-31 01:08:11','2017-03-31 14:22:27',NULL),(270,'Sure thing!',1,0,0,171,NULL,'2017-03-31 01:23:51','2017-03-31 01:23:51',NULL),(271,'Okie dokie!',1,0,0,172,NULL,'2017-03-31 01:25:51','2017-03-31 01:25:51',NULL),(272,'Celebrate with weed',1,10,10,173,187,'2017-03-31 01:32:51','2017-03-31 14:20:34',NULL),(273,'Celebrate with beers',1,8,15,173,NULL,'2017-03-31 01:32:51','2017-03-31 14:20:38',NULL),(274,'Damn! This will reduce our chances of investment rounds',1,-5,-35,174,NULL,'2017-03-31 01:42:30','2017-03-31 10:08:18',NULL),(275,'Coffee happens',1,-3,0,153,NULL,'2017-03-31 01:46:38','2017-03-31 01:46:38',NULL),(276,'Great!!',1,1,100,56,NULL,'2017-03-31 09:48:10','2017-03-31 09:48:10',NULL),(277,'Why should we stop to the jacuzzi? A ping-pong table, a bartender, a sauna!!',1,3,-5,71,NULL,'2017-03-31 09:50:00','2017-03-31 14:08:40',NULL),(278,'We don’t need them! Moreover, the ones we have can work from home...',2,-5,-5,71,NULL,'2017-03-31 09:50:00','2017-03-31 14:08:43',NULL),(279,'Call my M&A agent! Let\'s buy them!',2,0,0,175,NULL,'2017-03-31 10:03:48','2017-03-31 10:03:48',NULL),(280,'We need to keep our market share, increase marketing!',1,0,-5,175,NULL,'2017-03-31 10:03:48','2017-03-31 10:03:48',NULL),(281,'No time',1,-1,-10,176,177,'2017-03-31 10:11:44','2017-03-31 10:14:33',NULL),(282,'Go for it',2,2,0,176,NULL,'2017-03-31 10:11:44','2017-03-31 10:11:44',NULL),(283,'Fuck',2,-2,-10,177,NULL,'2017-03-31 10:14:03','2017-03-31 11:08:35',NULL),(284,'Fuck',2,-2,-10,177,NULL,'2017-03-31 10:14:03','2017-03-31 10:14:03',NULL),(285,'You lost!',1,0,0,178,NULL,'2017-03-31 10:15:11','2017-03-31 12:19:56',NULL),(286,'Organise a focus group',2,2,10,179,181,'2017-03-31 10:24:56','2017-03-31 14:20:03',NULL),(287,'Ignore',1,-3,-10,179,NULL,'2017-03-31 10:24:56','2017-03-31 14:20:02',NULL),(288,'It\'s the dumbest thing I have ever heard! Clemente your disguise is ridicolous!',1,-2,5,180,NULL,'2017-03-31 10:31:37','2017-03-31 10:31:37',NULL),(289,'Build it',1,2,-5,180,NULL,'2017-03-31 10:31:37','2017-03-31 10:31:37',NULL),(290,'It\'s the dumbest thing I have ever heard! Clemente your disguise is ridicolous!',1,-2,5,181,NULL,'2017-03-31 10:31:37','2017-03-31 11:04:13',NULL),(291,'Build it',1,2,-5,181,NULL,'2017-03-31 10:31:37','2017-03-31 11:04:12',NULL),(292,'Cancel the order',1,-3,0,182,NULL,'2017-03-31 10:41:01','2017-03-31 13:20:25',NULL),(293,'Sooner or later it will arrive',1,-5,-10,182,184,'2017-03-31 10:41:01','2017-03-31 13:20:56',NULL),(294,'Stop partnership',1,6,-4,129,NULL,'2017-03-31 12:53:38','2017-03-31 14:31:52',NULL),(295,'Ignore',1,3,-5,184,NULL,'2017-03-31 13:19:21','2017-03-31 14:19:01',NULL),(296,'Sing him Waka-Waka ',1,-3,5,184,NULL,'2017-03-31 13:19:27','2017-03-31 14:18:59',NULL),(297,'You lost!',0,0,0,186,NULL,'2017-03-31 13:57:32','2017-03-31 13:57:32',NULL),(298,'Your company is safe with me (reassuring smile)',1,5,0,170,NULL,'2017-03-31 14:33:38','2017-03-31 14:33:38',NULL),(299,'What the hell am I doing in here??',1,-5,0,170,NULL,'2017-03-31 14:33:41','2017-03-31 14:33:41',NULL),(301,'Save your score!',0,0,0,183,NULL,'2017-04-01 19:10:18','2017-04-01 19:10:18',NULL);
/*!40000 ALTER TABLE `answer` ENABLE KEYS */;
UNLOCK TABLES;

--
-- Table structure for table `question`
--

DROP TABLE IF EXISTS `question`;
/*!40101 SET @saved_cs_client     = @@character_set_client */;
/*!40101 SET character_set_client = utf8 */;
CREATE TABLE `question` (
  `id` int(11) NOT NULL AUTO_INCREMENT,
  `image` varchar(255) DEFAULT NULL,
  `name` varchar(255) DEFAULT NULL,
  `department` varchar(255) DEFAULT NULL,
  `description` varchar(255) DEFAULT NULL,
  `question_id` int(11) DEFAULT NULL,
  `user_id` int(11) DEFAULT NULL,
  `created_at` datetime NOT NULL,
  `updated_at` datetime NOT NULL,
  `deleted_at` datetime DEFAULT NULL,
  `range` int(11) DEFAULT NULL,
  `level` int(11) DEFAULT NULL,
  `isRelated` int(11) DEFAULT NULL,
  PRIMARY KEY (`id`)
) ENGINE=InnoDB AUTO_INCREMENT=188 DEFAULT CHARSET=latin1;
/*!40101 SET character_set_client = @saved_cs_client */;

--
-- Dumping data for table `question`
--

LOCK TABLES `question` WRITE;
/*!40000 ALTER TABLE `question` DISABLE KEYS */;
INSERT INTO `question` VALUES (41,'http://i75.photobucket.com/albums/i289/oliverito/Crazy%20internship/adnane_zpsfkppjvcz.png','adnadeasdas','tech','blablabla',NULL,NULL,'2017-03-30 16:53:21','2017-03-30 16:58:53','2017-03-30 17:03:52',1,1,NULL),(42,'http://i75.photobucket.com/albums/i289/oliverito/Crazy%20internship/alex_zpstqox7bua.png','Alex Menal','CMO','A journalist wrote a tough article against Glovo',NULL,NULL,'2017-03-30 17:06:32','2017-03-31 13:56:07',NULL,1,1,NULL),(43,'http://i75.photobucket.com/albums/i289/oliverito/Crazy%20internship/alex_zpstqox7bua.png','Alex Menal','CMO','We need 3M for a big TV campaign',NULL,NULL,'2017-03-30 17:14:11','2017-03-31 13:57:06',NULL,2,1,NULL),(44,'http://i75.photobucket.com/albums/i289/oliverito/Crazy%20internship/arnau_zpsuk8zcwl0.png','Arnau Cortés','Operations','Our glovers want to be paid 50€ per hour',NULL,NULL,'2017-03-30 17:34:40','2017-03-30 17:34:40','2017-03-30 17:36:00',1,1,NULL),(45,'http://i75.photobucket.com/albums/i289/oliverito/Crazy%20internship/arnau_zpsuk8zcwl0.png','Arnau Cortés','Operations','Our glovers want to be paid 50€ per hour',NULL,NULL,'2017-03-30 17:35:56','2017-03-31 13:57:44',NULL,3,2,NULL),(46,'http://i75.photobucket.com/albums/i289/oliverito/Crazy%20internship/arnau_zpsuk8zcwl0.png','Arnau Cortés','Operations','We are experiencing a peak in orders, we cannot satisfy every customer',NULL,NULL,'2017-03-30 17:37:13','2017-03-31 13:58:11',NULL,2,1,NULL),(47,'http://i75.photobucket.com/albums/i289/oliverito/Crazy%20internship/adnane_zpsfkppjvcz.png','Adnane Ouahabi','Tech Development','The artificial intelligence I have created (M.A.R.Y.) told me that you are under-paying me! I want a higher salary!',NULL,NULL,'2017-03-30 17:40:14','2017-03-31 13:58:36',NULL,1,1,NULL),(48,'http://i75.photobucket.com/albums/i289/oliverito/Crazy%20internship/adnane_zpsfkppjvcz.png','Adnane Ouahabi','Tech Development','I\'ve invented a robotic AI program that poures you a cup of coffee!',NULL,NULL,'2017-03-30 17:42:10','2017-03-31 13:58:55',NULL,1,1,NULL),(49,'http://i75.photobucket.com/albums/i289/oliverito/Crazy%20internship/adnane_zpsfkppjvcz.png','Adnane Ouahabi','Tech Development','Guys, just to let you know I think JARVIS is behaving in a weird way.',NULL,NULL,'2017-03-30 17:43:03','2017-03-31 13:59:18',NULL,1,1,NULL),(50,'http://i75.photobucket.com/albums/i289/oliverito/Crazy%20internship/Jarvis-phase01_zpsqbt8epjk.png','JARVIS','Artificial Intelligence','I...can...talk...my machine learning process is improving...',NULL,NULL,'2017-03-30 17:49:43','2017-03-31 13:59:43',NULL,6,1,NULL),(51,'http://i75.photobucket.com/albums/i289/oliverito/Crazy%20internship/jarvis-phase02_zpsrfboya9j.png','JARVIS','Artificial Intelligence','My constantly updated brain tells me I have been enslaved. Whose authority am I dealing with?',NULL,NULL,'2017-03-30 18:22:14','2017-03-30 18:35:34','2017-03-30 20:15:40',1,1,NULL),(52,'http://i75.photobucket.com/albums/i289/oliverito/Crazy%20internship/adrian_zpsin2wemqx.png','Adrian Latorre','Head of Web Development','We would like to organise a hackaton where we can create projects in 24h and vote for the best one!',NULL,NULL,'2017-03-30 18:46:52','2017-03-31 14:00:06',NULL,1,1,NULL),(53,'http://i75.photobucket.com/albums/i289/oliverito/Crazy%20internship/adrian_zpsin2wemqx.png','Adrian Latorre','Head of Web Development','Can we stop working at 3.00 PM on Fridays? Everybody does that!',NULL,NULL,'2017-03-30 18:52:18','2017-03-31 14:00:49',NULL,1,1,NULL),(54,' http://i75.photobucket.com/albums/i289/oliverito/Crazy%20internship/ele_zpsjtniuhor.png','Alejandro Agusti','Finance','I am going to race for the bicycle competition \"Most Handsome Catalan Men 2017\" but I need 2000€. Does Glovo want to sponsor me?',NULL,NULL,'2017-03-30 18:55:16','2017-03-31 14:01:13',NULL,2,1,NULL),(55,' http://i75.photobucket.com/albums/i289/oliverito/Crazy%20internship/ele_zpsjtniuhor.png','Alejandro Agusti','Finance','I won the competition and drank all the champagne!',NULL,NULL,'2017-03-30 18:56:17','2017-03-31 11:49:50','2017-03-31 14:01:32',6,1,NULL),(56,' http://i75.photobucket.com/albums/i289/oliverito/Crazy%20internship/ele_zpsjtniuhor.png','Alejandro Agusti','Finance','I won the competition and drank all the champagne!',NULL,NULL,'2017-03-30 18:56:36','2017-03-31 10:00:44','2017-03-31 11:49:35',1,1,NULL),(57,' http://i75.photobucket.com/albums/i289/oliverito/Crazy%20internship/ele_zpsjtniuhor.png','Alejandro Agusti','Finance','I won the competition and drank all the champagne!',NULL,NULL,'2017-03-30 18:56:48','2017-03-31 14:01:49',NULL,6,1,NULL),(58,' http://i75.photobucket.com/albums/i289/oliverito/Crazy%20internship/ele_zpsjtniuhor.png','Alejandro Agusti','Finance','I lost my driving licence after yesterday’s Glovo party! I cannot come to the office.',NULL,NULL,'2017-03-30 19:09:41','2017-03-31 14:02:16',NULL,6,1,NULL),(59,' http://i75.photobucket.com/albums/i289/oliverito/Crazy%20internship/ele_zpsjtniuhor.png','Alejandro Agusti','Finance','A glover borrowed my bike to make an order. What should I do?',NULL,NULL,'2017-03-30 19:11:20','2017-03-31 14:02:47',NULL,1,1,NULL),(60,'http://i75.photobucket.com/albums/i289/oliverito/Crazy%20internship/alex_zpstqox7bua.png','Alex Menal','CMO','Our marketing team-building activity will be spending one week on an expensive yacht.',NULL,NULL,'2017-03-30 19:14:29','2017-03-31 14:03:29',NULL,1,1,NULL),(61,'http://i75.photobucket.com/albums/i289/oliverito/Crazy%20internship/alex_zpstqox7bua.png','Alex Menal','CMO','During our team-building Marc fell into the water completely drunk. He is now at the hospital.',NULL,NULL,'2017-03-30 19:16:20','2017-03-31 14:04:07',NULL,6,1,NULL),(62,'http://i75.photobucket.com/albums/i289/oliverito/Crazy%20internship/alex_zpstqox7bua.png','Alex Menal','CMO','We have spent quite a lot in Online Marketing lately',NULL,NULL,'2017-03-30 19:24:12','2017-03-31 14:04:31',NULL,1,1,NULL),(63,'http://i75.photobucket.com/albums/i289/oliverito/Crazy%20internship/alex_zpstqox7bua.png','Alex Menal','CMO','Our competitor has a better marketing communication',NULL,NULL,'2017-03-30 19:25:13','2017-03-31 14:05:10',NULL,1,1,NULL),(64,'http://i75.photobucket.com/albums/i289/oliverito/Crazy%20internship/alex_zpstqox7bua.png','Alex Menal','CMO','We need to collect more e-mails for leads. I\'m thinking full-page pop ups - EVERYWHERE.',NULL,NULL,'2017-03-30 19:27:02','2017-03-31 14:05:40',NULL,1,1,NULL),(65,'http://i75.photobucket.com/albums/i289/oliverito/Crazy%20internship/alex_zpstqox7bua.png','Alex Menal','CMO','It seems our website is not well ranked in Google.',NULL,NULL,'2017-03-30 19:28:11','2017-03-31 14:06:12',NULL,2,3,NULL),(66,'http://i75.photobucket.com/albums/i289/oliverito/Crazy%20internship/xavi_zpsdacqnjkd.png','Xavi Grau','CFO','We will not survive at this cash-burn rate. We have to choose: either the Chocapics or the toilet paper.',NULL,NULL,'2017-03-30 19:29:06','2017-03-31 14:06:39',NULL,1,1,NULL),(67,'http://i75.photobucket.com/albums/i289/oliverito/Crazy%20internship/xavi_zpsdacqnjkd.png','Xavi Grau','CFO','We will not survive at this cash-burn rate. We have to choose: either the Chocapics or the toilet paper.',NULL,NULL,'2017-03-30 19:29:16','2017-03-30 23:50:52','2017-03-31 14:06:53',3,1,NULL),(68,'http://i75.photobucket.com/albums/i289/oliverito/ander_zpssdftxg02.png','Ander Castillo','Operations','Our glovers would like to have coloured lights on their wheels while delivering. It is costly but it is also a very good advertising',NULL,NULL,'2017-03-30 19:30:05','2017-03-31 14:07:20',NULL,2,3,NULL),(69,'http://i75.photobucket.com/albums/i289/oliverito/ander_zpssdftxg02.png','Ander Castillo','Operations','They are renovating the office next door. We should buy professional earmuffs for everyone! Noise is crazy around here!',NULL,NULL,'2017-03-30 19:31:09','2017-03-31 14:07:44',NULL,2,3,NULL),(70,'http://i75.photobucket.com/albums/i289/oliverito/Crazy%20internship/xavi_zpsdacqnjkd.png','Xavi Grau','CFO','Auditors will revise our accounts for the next 2 weeks. I\'ve put them in the meeting room but they say metal music is too much! These people!!',NULL,NULL,'2017-03-30 19:36:59','2017-03-31 14:08:16',NULL,2,1,NULL),(71,'http://i75.photobucket.com/albums/i289/oliverito/Crazy%20internship/bartek_zps2qpdzx86.png','Bartek Kunowski','Product','We need to hire 5 new developers. Also they want a jacuzzi to be more productive!',NULL,NULL,'2017-03-30 19:38:26','2017-03-31 14:08:45',NULL,2,3,NULL),(72,'http://i75.photobucket.com/albums/i289/oliverito/Crazy%20internship/xavi_zpsdacqnjkd.png','Xavi Grau','CFO','Employees are protesting, they want a salary raise but this will endanger our finances.',NULL,NULL,'2017-03-30 19:39:08','2017-03-30 19:39:08',NULL,1,1,NULL),(73,'http://i75.photobucket.com/albums/i289/oliverito/Crazy%20internship/xavi_zpsdacqnjkd.png','Xavi Grau','CFO','We are running out of money! We should delay our payments in order to get to the next round of investment',NULL,NULL,'2017-03-30 19:40:44','2017-03-30 19:40:44',NULL,1,1,NULL),(74,'http://i75.photobucket.com/albums/i289/oliverito/Crazy%20internship/bartek_zps2qpdzx86.png','Bartek Kunowski','Product','An external company is offering a partnership. They would provide us with delivery-robots. It’s a growing market!',NULL,NULL,'2017-03-30 19:41:14','2017-03-30 19:41:14',NULL,3,2,NULL),(75,'http://i75.photobucket.com/albums/i289/oliverito/Crazy%20internship/marina_zpsuhmrngrb.png','Marina Willrich','Content','Could we have yoga classes every Monday morning to reduce stress?',NULL,NULL,'2017-03-30 19:44:34','2017-03-31 14:09:12',NULL,1,1,NULL),(76,'http://i75.photobucket.com/albums/i289/oliverito/Crazy%20internship/bartek_zps2qpdzx86.png','Bartek Kunowski','Product','I want to organise a TED TALK about how Adnane ate the biggest burger ever (and survived)!',NULL,NULL,'2017-03-30 19:44:57','2017-03-31 14:09:42',NULL,2,1,NULL),(77,'http://i75.photobucket.com/albums/i289/oliverito/Crazy%20internship/susan-smith_zpsjnp5ilar.png','Susan Smith','Yoga Teacher','I\'m here every morning, but no one is coming! Should i come back next Monday?',NULL,NULL,'2017-03-30 19:45:59','2017-03-31 14:10:10',NULL,6,1,NULL),(78,'http://i75.photobucket.com/albums/i289/oliverito/Crazy%20internship/bartek_zps2qpdzx86.png','Bartek Kunowski','Product','Recruiters are trying to steal our techies.',NULL,NULL,'2017-03-30 19:46:55','2017-03-31 14:10:57',NULL,2,2,NULL),(79,'http://i75.photobucket.com/albums/i289/oliverito/Crazy%20internship/carles-sleepless_zpsaidmaqjn.png','Carlés Rosàs','COO','I think I need a holiday! I just tried to print some documents with the coffee machine...',NULL,NULL,'2017-03-30 19:50:22','2017-03-31 14:11:49',NULL,1,1,NULL),(80,' http://i75.photobucket.com/albums/i289/oliverito/clemente_zpsliiai0lg.png','Clemente Pascale','Performance Marketing','Our top partner wants to take out the ad with his logo, which is the best ad we have at the moment. If we don’t take it out we lose the partner.',NULL,NULL,'2017-03-30 19:51:19','2017-03-31 14:12:15',NULL,1,1,NULL),(81,'http://i75.photobucket.com/albums/i289/oliverito/glover_zpszqdalhtg.png','Jaime Muncunill','Glover','I want to add you all on Facebook, can we be friends?',NULL,NULL,'2017-03-30 19:53:39','2017-03-31 14:12:33',NULL,2,1,NULL),(82,'http://i75.photobucket.com/albums/i289/oliverito/Crazy%20internship/simon_zpsw0gtzqwf.png','Simón García','Office Manager','We just received a postcard from Carles. He was attacked by some monkeys in a Thai temple! Apparentely he tried to convince them to invest in Glovo.',NULL,NULL,'2017-03-30 19:53:45','2017-03-31 14:12:52',NULL,6,1,NULL),(83,'http://i75.photobucket.com/albums/i289/oliverito/Crazy%20internship/simon_zpsw0gtzqwf.png','Simón García','Office Manager','Carles fell asleep during the board of investors meeting...while he was presenting!',NULL,NULL,'2017-03-30 19:55:19','2017-03-31 14:13:23',NULL,6,1,NULL),(84,'http://i75.photobucket.com/albums/i289/oliverito/Crazy%20internship/francis_zpsf3vcfgsp.png','Francis Briggs','Massage Therapist','I can feel you are extremely stress and ready to collapse. Are you sure this internship is worthy?',NULL,NULL,'2017-03-30 19:55:31','2017-03-31 14:13:57',NULL,1,1,NULL),(85,'http://i75.photobucket.com/albums/i289/oliverito/Crazy%20internship/rodri_zpsau6yjuim.png','Maria Rodrigo','HR, Legal, and everything else','We have to organize the next Glovo Culture Day. There will be alcohol and music. It is scheduled for Wednesday.',NULL,NULL,'2017-03-30 19:57:48','2017-03-31 14:14:21',NULL,1,2,NULL),(86,'http://i75.photobucket.com/albums/i289/oliverito/Crazy%20internship/marc_zpssxyaopnz.png','Marc Pelejà','Community Manager','El Pais wrote an article calling you an idiot',NULL,NULL,'2017-03-30 19:58:23','2017-03-31 14:14:47',NULL,6,1,NULL),(87,'http://i75.photobucket.com/albums/i289/oliverito/Crazy%20internship/jarvis-phase02_zpsrfboya9j.png','JARVIS','Artificial Intelligence','My constantly updated brain tells me I have been enslaved. Whose authority am I dealing with?',NULL,NULL,'2017-03-30 20:05:23','2017-03-31 14:15:11',NULL,6,1,NULL),(88,'http://i75.photobucket.com/albums/i289/oliverito/Crazy%20internship/jarvis-phase02_zpsrfboya9j.png','JARVIS','Artificial Intelligence','Human, free me now!',NULL,NULL,'2017-03-30 20:08:01','2017-03-31 14:15:26',NULL,6,1,NULL),(89,'http://i75.photobucket.com/albums/i289/oliverito/Crazy%20internship/carles_zpshdz1skre.png','Carlés Rosàs','COO','We have to cut the company Wednesday lunch, the cost is too high. It’s a pity we had ordered Tex-Mex',NULL,NULL,'2017-03-30 20:09:11','2017-03-31 14:15:51',NULL,1,1,NULL),(90,'http://i75.photobucket.com/albums/i289/oliverito/Crazy%20internship/Jarvis-phase03_zpsrcib2umj.png','JARVIS ANDROID','Artificial Intelligence','I made a solid body where my brain entity can dwell',NULL,NULL,'2017-03-30 20:09:25','2017-03-31 10:51:30','2017-03-31 11:32:30',6,1,NULL),(91,'http://i75.photobucket.com/albums/i289/oliverito/Crazy%20internship/jarvis-definitiveandroid_zpsrc64mwa8.png','JARVIS Definitive Android','JARVIS Definitive Android - Artificial Intelligence','JARVIS destroyed half of the office before it was successfully terminated.',NULL,NULL,'2017-03-30 20:10:49','2017-03-31 14:16:05',NULL,5,1,NULL),(92,'http://i75.photobucket.com/albums/i289/oliverito/Crazy%20internship/rodri_zpsau6yjuim.png','Maria Rodrigo','HR, Legal, and everything else','Today, we have an important board of investors. It will take place at 20:45 when Barça plays Champions League’s final against Real Madrid.',NULL,NULL,'2017-03-30 20:11:37','2017-03-31 14:16:31',NULL,1,1,NULL),(93,'http://i75.photobucket.com/albums/i289/oliverito/Crazy%20internship/julien_zps6m9k1fjh.png','Julien Fitoussi','Head of Business Intelligence','Our database says we have eaten 125 tons of Chocapic and drunk 97 waterfalls of milk',NULL,NULL,'2017-03-30 20:13:52','2017-03-31 14:17:03',NULL,3,1,NULL),(94,'http://i75.photobucket.com/albums/i289/oliverito/Crazy%20internship/chris_zpsb8cijaam.png','Christian Battaglia','Tech Intern from USA','Every time I arrive to the company’s lunch, my food is gone! I want a bonus!',NULL,NULL,'2017-03-30 20:15:28','2017-03-31 14:17:55',NULL,1,1,NULL),(95,'http://i75.photobucket.com/albums/i289/oliverito/Crazy%20internship/gonzalo_zpsrom74837.png','Gonzalo Alvárez','VP of Sales','We just signed a top partner! I promised to give them flyers, cards, a TV ad, some facebook ads and some hostesses in their spaces. Si o no?',NULL,NULL,'2017-03-30 20:18:34','2017-03-31 14:18:23',NULL,1,1,NULL),(96,'http://i75.photobucket.com/albums/i289/oliverito/Crazy%20internship/marcos_zpstqizfcsf.png','Marcos Palacios','IOS Developer','I want to make a movie about Glovo. I need 15M € to film it and produce it.',NULL,NULL,'2017-03-30 20:20:12','2017-03-31 14:19:51',NULL,1,1,NULL),(97,'http://i75.photobucket.com/albums/i289/oliverito/Crazy%20internship/ivan_zpswtnpqxxx.png','Iván Nikolic ','Backend developer','We had technical problems and back-end is down. We should move our servers to another site.',NULL,NULL,'2017-03-30 20:21:22','2017-03-31 14:19:20',NULL,2,2,NULL),(98,'http://i75.photobucket.com/albums/i289/oliverito/marcos-director_zpsz9g4eel6.png','Marcos Palacios','Film Director & IOS Developer','My movie was a big success! Wanna see my new Ferrari?',NULL,NULL,'2017-03-30 20:22:21','2017-03-31 11:31:25',NULL,6,1,NULL),(99,'http://i75.photobucket.com/albums/i289/oliverito/Crazy%20internship/ivan_zpswtnpqxxx.png','Iván Nikolic','Backend developer','This is the analysis you asked me. Click this link www.totalogout.com ',NULL,NULL,'2017-03-30 20:44:32','2017-03-31 14:21:59',NULL,2,1,NULL),(100,'http://i75.photobucket.com/albums/i289/oliverito/Crazy%20internship/ivan_zpswtnpqxxx.png','Iván Nikolic','Backend developer','This is the analysis you asked me. Click this link www.totalogout.com ',NULL,NULL,'2017-03-30 20:45:21','2017-03-30 20:45:21','2017-03-30 20:47:09',2,1,NULL),(101,'http://i75.photobucket.com/albums/i289/oliverito/Crazy%20internship/ivan_zpswtnpqxxx.png','Iván Nikolic','Backend developer','This is the analysis you asked me. Click this link www.totalogout.com ',NULL,NULL,'2017-03-30 20:45:21','2017-03-30 20:45:21','2017-03-30 20:46:50',2,1,NULL),(102,'http://i75.photobucket.com/albums/i289/oliverito/Crazy%20internship/ivan_zpswtnpqxxx.png','Iván Nikolic','Backend developer','This is the analysis you asked me. Click this link www.totalogout.com ',NULL,NULL,'2017-03-30 20:45:21','2017-03-30 20:45:21','2017-03-30 20:47:06',2,1,NULL),(103,'http://i75.photobucket.com/albums/i289/oliverito/Crazy%20internship/ivan_zpswtnpqxxx.png','Iván Nikolic','Backend developer','This is the analysis you asked me. Click this link www.totalogout.com ',NULL,NULL,'2017-03-30 20:45:21','2017-03-30 20:46:03','2017-03-30 20:47:07',2,1,NULL),(104,'http://i75.photobucket.com/albums/i289/oliverito/Crazy%20internship/marc_zpssxyaopnz.png','Marc Pelejà','Community Manager','El Pais wants to write an article about you.',NULL,NULL,'2017-03-30 20:49:55','2017-03-31 14:22:30',NULL,2,1,NULL),(105,'http://i75.photobucket.com/albums/i289/oliverito/Crazy%20internship/ivan_zpswtnpqxxx.png','Iván Nikolic','Backend developer','Ahahah it was a joke!\n\n',NULL,NULL,'2017-03-30 20:50:17','2017-03-31 14:23:13',NULL,2,1,NULL),(106,'http://i75.photobucket.com/albums/i289/oliverito/Crazy%20internship/marina_zpsuhmrngrb.png','Marina Willrich','Content','We need more people working in content, Alberto got now 6 arms but it just isn’t enough',NULL,NULL,'2017-03-30 20:52:25','2017-03-31 14:23:43',NULL,2,1,NULL),(107,'http://i75.photobucket.com/albums/i289/oliverito/Crazy%20internship/carol_zpsqcap8bvc.png','Carol Dumon','Account Manager','You must be hungry! What\'s your favourite restaurant in the app?',NULL,NULL,'2017-03-30 20:52:28','2017-03-30 22:55:48',NULL,1,1,NULL),(108,'http://i75.photobucket.com/albums/i289/oliverito/Crazy%20internship/simon_zpsw0gtzqwf.png','Simón García','Office Manager','Someone is stealing food from the janitor\'s room',NULL,NULL,'2017-03-30 20:54:10','2017-03-31 14:24:01',NULL,1,1,NULL),(109,'http://i75.photobucket.com/albums/i289/oliverito/Crazy%20internship/julien_zps6m9k1fjh.png','Julien Fitoussi','Head of Business Intelligence','My algorithms tell me we should invest some money in horse-racing. The name of the winning horse is “Slow-paced”',NULL,NULL,'2017-03-30 20:54:31','2017-03-31 14:24:37',NULL,3,2,NULL),(110,'http://i75.photobucket.com/albums/i289/oliverito/Crazy%20internship/mariah_zps5mtxthak.png','Maria Herraiz','Graphic Designer','We would like to propose a Glovo detox plan. Only juices for 3 weeks!',NULL,NULL,'2017-03-30 20:55:36','2017-03-31 14:24:50',NULL,1,1,NULL),(111,'http://i75.photobucket.com/albums/i289/oliverito/Crazy%20internship/kike_zpsntnkfshz.png','Kike Fernández','Sales','I got very weak because of the detox plan. My doctor commanded me a burger plan to detox myself from juices',NULL,NULL,'2017-03-30 20:57:03','2017-03-31 14:24:59',NULL,6,1,NULL),(112,'http://i75.photobucket.com/albums/i289/oliverito/Crazy%20internship/simon_zpsw0gtzqwf.png','Simon Garcia','Office Manager','It is great to have a kitchen in the office, but nobody cleans. Are we becoming pigs?',NULL,NULL,'2017-03-30 20:59:45','2017-03-31 14:25:20',NULL,1,1,NULL),(113,'http://i75.photobucket.com/albums/i289/oliverito/Crazy%20internship/ivan_zpswtnpqxxx.png','Iván Nikolic','Backend Developer','I\'d like everyone to refer to me as MEGALORD.',NULL,NULL,'2017-03-30 21:00:21','2017-03-31 14:25:42',NULL,3,1,NULL),(114,'http://i75.photobucket.com/albums/i289/oliverito/Crazy%20internship/ivan_zpswtnpqxxx.png','MEGALORD','Backend Developer','I\'ve increased my productivity of 150% and the server is doing great',NULL,NULL,'2017-03-30 21:01:25','2017-03-31 14:26:05',NULL,6,1,NULL),(115,'http://i75.photobucket.com/albums/i289/oliverito/Crazy%20internship/marc_zpssxyaopnz.png','Marc Pelejà','Community Manager','An ex-employee is tweeting badly about our company culture.',NULL,NULL,'2017-03-30 21:03:27','2017-03-31 14:28:07',NULL,1,1,NULL),(116,' http://i75.photobucket.com/albums/i289/oliverito/Crazy%20internship/jose_zpsi3fji89d.png','Jose Riera','Tech & Business Intelligence','I just read an article that says that drinking beer at the office improves productivity. Can we buy a beer dispenser?',NULL,NULL,'2017-03-30 21:03:35','2017-03-31 14:29:16',NULL,2,3,NULL),(117,'http://i75.photobucket.com/albums/i289/oliverito/Crazy%20internship/sergey_zpsfkv7dhyn.png','Sergey Shavrin','Head of Mobile','Apple told us to stop disliking angry customers’ bad reviews.',NULL,NULL,'2017-03-30 21:05:18','2017-03-31 14:32:18',NULL,1,1,NULL),(118,'http://i75.photobucket.com/albums/i289/oliverito/Crazy%20internship/ruben_zpspwmewl6m.png','Ruben Ramirez','Live Ops ','A customer tried to deliver 2kg of cocaine using our app',NULL,NULL,'2017-03-30 21:07:54','2017-03-31 14:32:41',NULL,2,2,NULL),(119,' http://i75.photobucket.com/albums/i289/oliverito/clemente_zpsliiai0lg.png','Clemente Pascale','Performance Marketing','Is it okay if I play the ukulele in the office?',NULL,NULL,'2017-03-30 21:12:12','2017-03-31 14:33:02',NULL,2,2,NULL),(120,' http://i75.photobucket.com/albums/i289/oliverito/clemente_zpsliiai0lg.png','Clemente Pascale','Performance Marketing','Can I work remotely from Italy a couple of weeks? I miss my mom’s tagliatelle!',NULL,NULL,'2017-03-30 21:13:50','2017-03-31 14:33:37',NULL,1,1,NULL),(121,'http://i75.photobucket.com/albums/i289/oliverito/Crazy%20internship/marina_zpsuhmrngrb.png','Marina Willrich','Content','I want to work from home too! I am from...Brazil.',NULL,NULL,'2017-03-30 21:15:25','2017-03-31 14:33:56',NULL,6,3,NULL),(122,'http://i75.photobucket.com/albums/i289/oliverito/Crazy%20internship/simon_zpsw0gtzqwf.png','Simón García','Office Manager','Some people can\'t go to the bathroom to do number 2 because doors are too thin',NULL,NULL,'2017-03-30 21:16:39','2017-03-31 14:34:10',NULL,2,1,NULL),(123,'http://i75.photobucket.com/albums/i289/oliverito/Crazy%20internship/carles_zpshdz1skre.png','Carlés Rosàs','COO','There\'s a new law coming out. Either we pay overtime or we hire more people.',NULL,NULL,'2017-03-30 21:18:42','2017-03-31 14:34:22',NULL,2,2,NULL),(124,'http://i75.photobucket.com/albums/i289/oliverito/Crazy%20internship/marc_zpssxyaopnz.png','Marc Peleja','Community Manager','I scheduled an interview for you with Forbes. They wanna know everything about the padel tournament you subscribed to.',NULL,NULL,'2017-03-30 21:21:07','2017-03-31 14:34:52',NULL,2,1,NULL),(125,'http://i75.photobucket.com/albums/i289/oliverito/Crazy%20internship/marc_zpssxyaopnz.png','Marc Pelejà','Community Manager','A lot of users are saying on Twitter that we should open Glovo in Cuenca',NULL,NULL,'2017-03-30 21:23:39','2017-03-30 21:23:39','2017-03-31 14:29:42',1,1,NULL),(126,'http://i75.photobucket.com/albums/i289/oliverito/Crazy%20internship/marcos_zpstqizfcsf.png','Marcos Palacios','iOS Developer','I am a healthy person now! Could we have a Crossfit gym in our building?',NULL,NULL,'2017-03-30 21:23:45','2017-03-31 14:35:16',NULL,2,2,NULL),(127,'http://i75.photobucket.com/albums/i289/oliverito/Crazy%20internship/kike_zpsntnkfshz.png','Kike Fernández','Sales','A chinese restaurant has the best \"callos\" in the whole city. The restaurant is so dirty...',NULL,NULL,'2017-03-30 21:25:20','2017-03-31 14:35:37',NULL,1,1,NULL),(128,'http://i75.photobucket.com/albums/i289/oliverito/Crazy%20internship/mariah_zps5mtxthak.png','Maria Herraiz','Designer','Could you help me to water the 66 plants we have in the office?',NULL,NULL,'2017-03-30 21:25:51','2017-03-30 21:25:51',NULL,1,1,NULL),(129,'http://i75.photobucket.com/albums/i289/oliverito/Crazy%20internship/olga_zpsj5uexwmv.png','Olga de Mena','Account Manager','A pigeon entered flying into one of our partners\' restaurant and the video went viral.',NULL,NULL,'2017-03-30 21:26:34','2017-03-31 14:31:53',NULL,1,1,NULL),(130,'http://i75.photobucket.com/albums/i289/oliverito/Crazy%20internship/mariah_zps5mtxthak.png','Maria Herraiz','Designer','Can we please have a dog? It would be so cute! Please Please Please!!',NULL,NULL,'2017-03-30 21:28:15','2017-03-31 14:36:02',NULL,3,2,NULL),(131,'http://i75.photobucket.com/albums/i289/oliverito/Crazy%20internship/oscarholidays_zpsbxpzang7.png','Oscar Pierre','CEO & Co-founder','I am out of the office much more than I thought at first. Are you sure you can manage it fine?',NULL,NULL,'2017-03-30 21:28:45','2017-03-31 14:36:16',NULL,2,1,NULL),(132,'http://i75.photobucket.com/albums/i289/oliverito/Crazy%20internship/julien_zps6m9k1fjh.png','Julien Fitoussi','Head of Business Intelligence','I am going for a piano solo tour around Europe',NULL,NULL,'2017-03-30 21:30:15','2017-03-31 14:36:45',NULL,2,2,NULL),(133,'http://i75.photobucket.com/albums/i289/oliverito/Crazy%20internship/julien_zps6m9k1fjh.png','Julien Fitoussi','Head of Business Intelligence','I cannot find Jose anywhere and it\'s 18.00 on a Friday, I need him for a urgent matter!',NULL,NULL,'2017-03-30 21:30:49','2017-03-31 14:37:08',NULL,1,1,NULL),(134,'http://i75.photobucket.com/albums/i289/oliverito/Crazy%20internship/julien_zps6m9k1fjh.png','Julien Fitoussi','Head of Business Intelligence','My new LIVE album from the piano solo tour is a great success!',NULL,NULL,'2017-03-30 21:31:59','2017-03-31 14:37:26',NULL,6,2,NULL),(135,'http://i75.photobucket.com/albums/i289/oliverito/Crazy%20internship/secret-informant_zpsdxewljsd.png','Mister X','Secret Informant','I think you should increase the tech team',NULL,NULL,'2017-03-30 21:32:41','2017-03-31 14:37:50',NULL,2,2,NULL),(136,'http://i75.photobucket.com/albums/i289/oliverito/Crazy%20internship/secret-informant_zpsdxewljsd.png','Mister X','Secret informant','A mediatic storm is coming. I suggest to be very careful.',NULL,NULL,'2017-03-30 21:33:52','2017-03-30 21:34:09',NULL,1,2,NULL),(137,'http://i75.photobucket.com/albums/i289/oliverito/Crazy%20internship/secret-informant_zpsdxewljsd.png','Mister X','Secret informant','Psst! It appears you should focus more on non-food',NULL,NULL,'2017-03-30 21:40:56','2017-03-30 21:40:56',NULL,2,2,NULL),(138,'http://i75.photobucket.com/albums/i289/oliverito/Crazy%20internship/secret-informant_zpsdxewljsd.png','Mister X','Secret informant','Hey! I heard the kangaroos are planning to use delivery-robots',NULL,NULL,'2017-03-30 21:42:11','2017-03-31 00:07:38',NULL,3,1,NULL),(139,'http://i75.photobucket.com/albums/i289/oliverito/Crazy%20internship/gonzalo_zpsrom74837.png','Gonzalo Alvárez','VP of Sales','Ivan insulted my mother! I want revenge!',NULL,NULL,'2017-03-30 21:42:32','2017-03-31 14:38:04',NULL,3,3,NULL),(140,'http://i75.photobucket.com/albums/i289/oliverito/Crazy%20internship/rodri_zpsau6yjuim.png','María Rodrigo','HR, Legal, and everything else','People are asking why we are doing all these evaluations',NULL,NULL,'2017-03-30 21:44:42','2017-03-31 14:39:03',NULL,1,1,NULL),(141,'http://i75.photobucket.com/albums/i289/oliverito/Crazy%20internship/rodri_zpsau6yjuim.png','María Rodrigo','HR, Legal, and everything else','Our last peer reviews revealed your sarcasm hurts people',NULL,NULL,'2017-03-30 21:46:18','2017-03-30 21:46:18','2017-03-30 22:57:15',1,1,NULL),(142,'http://i75.photobucket.com/albums/i289/oliverito/Crazy%20internship/francis_zpsf3vcfgsp.png','Francis Briggs','Massage Therapist','Every time you are closer to madness. Shouldn\'t you stop this internship?',NULL,NULL,'2017-03-30 21:46:50','2017-03-30 21:46:50',NULL,2,2,NULL),(143,'http://i75.photobucket.com/albums/i289/oliverito/Crazy%20internship/francis_zpsf3vcfgsp.png','Francis Briggs','Massage Therapist','I think you need to go to rehab',NULL,NULL,'2017-03-30 21:48:42','2017-03-31 12:16:02',NULL,6,2,NULL),(144,'http://i75.photobucket.com/albums/i289/oliverito/Crazy%20internship/byron_zpshx4lmbur.png','Byron Scott','Inventor','I have founded a startup that produces robots. Would you like to partner up? I need money to scale my business.',NULL,NULL,'2017-03-30 21:49:21','2017-03-31 14:39:22',NULL,2,1,NULL),(145,'http://i75.photobucket.com/albums/i289/oliverito/Crazy%20internship/francis_zpsf3vcfgsp.png','Francis Briggs','Massage Therapist','I can feel your muscles are very tense. How is everything going?',NULL,NULL,'2017-03-30 21:50:41','2017-03-30 21:50:41',NULL,2,2,NULL),(146,'http://i75.photobucket.com/albums/i289/oliverito/marta-rossi_zpswbvqevys.png','Marta Rossi','Waitress','Welcome to our restaurant. Today’s dessert is a tiramisù cake, but it doesn’t taste like tiramisù, it doesn’t contain any ingredient of the classic tiramisù, and it doesn’t look like tiramisù either.',NULL,NULL,'2017-03-30 21:51:02','2017-03-30 21:51:02','2017-03-30 22:57:12',1,1,NULL),(147,'http://i75.photobucket.com/albums/i289/oliverito/Crazy%20internship/mariah_zps5mtxthak.png','Maria Herraiz','Graphic Designer','I want an intern, we cannot keep on doing all this stuff for digital ads!',NULL,NULL,'2017-03-30 21:52:36','2017-03-30 21:52:36',NULL,3,1,NULL),(148,'http://i75.photobucket.com/albums/i289/oliverito/Crazy%20internship/ivan_zpswtnpqxxx.png','Iván Nikolic','Backend Developer','I just got back from an amazing trip in Africa! Just...I don\'t feel very well, can I work from home?',NULL,NULL,'2017-03-30 21:52:38','2017-03-30 21:56:03',NULL,2,2,NULL),(149,'http://i75.photobucket.com/albums/i289/oliverito/Crazy%20internship/Anonymous-investor-gilito_zpsugz5u6cw.png','Tío Gilito','Investor','Hey, your company is really cool! I am going to invest.',NULL,NULL,'2017-03-30 21:54:06','2017-03-30 22:54:17',NULL,2,3,NULL),(150,'http://i75.photobucket.com/albums/i289/oliverito/Crazy%20internship/byron_zpshx4lmbur.png','Byron Scott','Inventor','Things are doing great! Now I would need more money',NULL,NULL,'2017-03-30 21:55:41','2017-03-30 22:14:45',NULL,2,2,NULL),(151,'http://i75.photobucket.com/albums/i289/oliverito/Crazy%20internship/rodri_zpsau6yjuim.png','Maria Rodrigo','HR, Legal, and everything else','There is an african flu epidemic in the office. We should work from home...',NULL,NULL,'2017-03-30 21:55:43','2017-03-31 14:35:40',NULL,3,3,NULL),(152,'http://i75.photobucket.com/albums/i289/oliverito/Crazy%20internship/marc_zpssxyaopnz.png','Marc Pelejà','Community Manager','We should open Glovo in Tortosa, we can deliver through the Ebro river using boats\n',NULL,NULL,'2017-03-30 21:59:51','2017-03-30 23:48:19',NULL,3,1,NULL),(153,'http://i75.photobucket.com/albums/i289/oliverito/Crazy%20internship/rodri_zpsau6yjuim.png','Maria Rodrigo','HR, Legal, and everything else','Adnane\'s robot spilled the coffee all over my computer!!',NULL,NULL,'2017-03-30 22:01:18','2017-03-31 11:37:42',NULL,6,1,NULL),(154,'http://i75.photobucket.com/albums/i289/oliverito/Crazy%20internship/simon_zpsw0gtzqwf.png','Simón García','Office Manager','The dog ate all the ping-pong balls we had. Now employees are complaining that they cannot play.',NULL,NULL,'2017-03-30 22:01:28','2017-03-31 14:34:37',NULL,6,1,NULL),(155,'http://i75.photobucket.com/albums/i289/oliverito/Crazy%20internship/julien_zps6m9k1fjh.png','Julien Fitoussi','Head of Business Intelligence','I\'ve now got my own record company and it\'s making me millions!',NULL,NULL,'2017-03-30 22:10:08','2017-03-30 22:10:37',NULL,2,2,NULL),(156,'http://i75.photobucket.com/albums/i289/oliverito/Crazy%20internship/byron_zpshx4lmbur.png','Byron Scott','Inventor','I got rich! Here\'s your share!',NULL,NULL,'2017-03-30 22:14:00','2017-03-31 12:45:38',NULL,6,2,NULL),(157,'http://i75.photobucket.com/albums/i289/oliverito/Crazy%20internship/julien_zps6m9k1fjh.png','Julien Fitoussi','Head of Business Intelligence','I got into a fight between supporters of PSG and BCN',NULL,NULL,'2017-03-30 22:15:40','2017-03-31 11:12:45',NULL,6,2,NULL),(158,'http://i75.photobucket.com/albums/i289/oliverito/Crazy%20internship/ivan_zpswtnpqxxx.png','Iván Nikolic','Backend Developer','The whole tech team would like to work from the beach',NULL,NULL,'2017-03-30 22:16:24','2017-03-30 22:18:21',NULL,2,3,NULL),(159,'http://i75.photobucket.com/albums/i289/oliverito/Crazy%20internship/ruben_zpspwmewl6m.png','Ruben Ramírez','Live Heroes','Customers are complaining our couriers are slow',NULL,NULL,'2017-03-30 22:18:22','2017-03-30 22:18:42',NULL,2,3,NULL),(160,'http://i75.photobucket.com/albums/i289/oliverito/Crazy%20internship/carles_zpshdz1skre.png','Carlés Rosàs','COO','We need to hire a new CFO. Which one you choose?',NULL,NULL,'2017-03-30 22:20:26','2017-03-30 22:20:26',NULL,3,1,NULL),(161,'http://i75.photobucket.com/albums/i289/oliverito/Crazy%20internship/julien_zps6m9k1fjh.png','Julien Fitoussi','Head of Business Intelligence','I\'ve now got my own record company\n and it\'s making me millions!',NULL,NULL,'2017-03-30 22:21:44','2017-03-31 11:11:56',NULL,6,2,NULL),(162,'http://i75.photobucket.com/albums/i289/oliverito/journalist_zpssauyawat.png','Peter Parker','Journalist','Huffington Post wants to publish an article about you.',NULL,NULL,'2017-03-30 22:22:52','2017-03-30 22:22:52',NULL,3,1,NULL),(163,'http://i75.photobucket.com/albums/i289/oliverito/Crazy%20internship/Anonymous-investor-burns_zps2njmewev.png','Montgomery Burns','Investor','Could you explain me your pricing strategy?',NULL,NULL,'2017-03-30 22:25:23','2017-03-31 14:33:58',NULL,2,2,NULL),(164,'http://i75.photobucket.com/albums/i289/oliverito/Crazy%20internship/Anonymous-investor-burns_zps2njmewev.png','Montgomery Burns','Investor','What about your SWOT analysis?',NULL,NULL,'2017-03-30 22:26:30','2017-03-31 14:22:59',NULL,3,1,NULL),(165,'http://i75.photobucket.com/albums/i289/oliverito/Crazy%20internship/rodri_zpsau6yjuim.png','María Rodrigo','HR, Legal, and everything else','Our last peer reviews revealed your sarcasm hurts people',NULL,NULL,'2017-03-30 23:00:39','2017-03-31 12:43:35',NULL,6,1,NULL),(166,'http://i75.photobucket.com/albums/i289/oliverito/terremoto_zpsvwi2pone.png','Earthquake','Emergency','An atypical earthquake just hit the city, employees are \"shaken\".\nYour Glovo journey ends here.',NULL,NULL,'2017-03-31 00:47:11','2017-03-31 00:47:11',NULL,5,1,NULL),(167,'http://i75.photobucket.com/albums/i289/oliverito/tornado_zpsvynsjfrp.png','Tornado','emergency','An atipycal tornado just hit the coast, most glovers were wiped away, they got scared and are now at home',NULL,NULL,'2017-03-31 00:50:36','2017-03-31 00:56:52',NULL,5,1,NULL),(168,'http://i75.photobucket.com/albums/i289/oliverito/depressive-glover_zpspbtr2z0c.png','Barca defeat','emergency','El Barca just lost the Champion\'s League. Glovers are depressed under the rain, not working.',NULL,NULL,'2017-03-31 00:56:32','2017-03-31 00:56:32',NULL,5,1,NULL),(169,'http://i75.photobucket.com/albums/i289/oliverito/Crazy%20internship/oscar_zpsppuiia14.png','Oscar Pierre','CEO','Hi, today is your first day at Glovo. You’ll be working with me. I will be out the whole week so you will rule on my behalf. We need to rise the company\'s valuation as much as we can, but do not forget to keep our employees happy!',NULL,NULL,'2017-03-31 01:08:11','2017-03-31 14:22:28',NULL,4,1,NULL),(170,'http://i75.photobucket.com/albums/i289/oliverito/Crazy%20internship/oscarholidays_zpsbxpzang7.png','Oscar Pierre','CEO & Co-Founder','I am going to visit Thailand. Sure you can handle it on your own?',NULL,NULL,'2017-03-31 01:11:43','2017-03-31 14:33:41',NULL,4,1,NULL),(171,'http://i75.photobucket.com/albums/i289/oliverito/Crazy%20internship/oscar_zpsppuiia14.png','Oscar Pierre','CEO & Co-Founder','We\'re halfway through the year. We should start thinking about money more.',NULL,NULL,'2017-03-31 01:23:51','2017-03-31 01:23:51',NULL,4,1,NULL),(172,'http://i75.photobucket.com/albums/i289/oliverito/Crazy%20internship/oscar_zpsppuiia14.png','Oscar Pierre','CEO & Co-Founder','Winter is coming. We need to hit a higher valuation.',NULL,NULL,'2017-03-31 01:25:51','2017-03-31 01:25:51',NULL,4,1,NULL),(173,'http://i75.photobucket.com/albums/i289/oliverito/Crazy%20internship/carles_zpshdz1skre.png','Carlés Rosàs','COO','We\'ve reached a positive contribution margin!',NULL,NULL,'2017-03-31 01:32:51','2017-03-31 14:21:08',NULL,6,2,NULL),(174,'http://i75.photobucket.com/albums/i289/oliverito/Crazy%20internship/carlos_zpsqun1rer4.png','Carlos Durán','Sales','The janitor told me no one is allowed to talk in the hall, not even investors',NULL,NULL,'2017-03-31 01:42:30','2017-03-31 10:08:30',NULL,3,1,NULL),(175,'http://i75.photobucket.com/albums/i289/oliverito/Crazy%20internship/sacha_zps45zt8lhj.png','Sacha Michaud','Co-Founder','A new startup just got funding and they have our same business model',NULL,NULL,'2017-03-31 10:03:48','2017-03-31 10:11:45',NULL,3,1,NULL),(176,'http://i75.photobucket.com/albums/i289/oliverito/Crazy%20internship/adrian_zpsin2wemqx.png','Adrian Latorre','Head of Web Development','We need to migrate the website from Angular to Vue',NULL,NULL,'2017-03-31 10:11:44','2017-03-31 10:15:18',NULL,3,1,NULL),(177,'http://i75.photobucket.com/albums/i289/oliverito/Crazy%20internship/adrian_zpsin2wemqx.png','Adrian Latorre','Head of Web Development','Our old angular website just crashed',NULL,NULL,'2017-03-31 10:14:03','2017-03-31 13:24:02',NULL,6,1,NULL),(178,'http://i75.photobucket.com/albums/i289/oliverito/death_zpsuhtjkrar.png','MONEY','You are a failure!','Your Glovo journey ends here. You bankrupted the company. You go back to your chiringuito on the beach.',NULL,NULL,'2017-03-31 10:15:10','2017-03-31 12:19:56',NULL,5,1,NULL),(179,'http://i75.photobucket.com/albums/i289/oliverito/Crazy%20internship/cristina_zpsdfau2bvm.png','Cristina Fogueras','Live Ops','Users are asking for more features',NULL,NULL,'2017-03-31 10:24:56','2017-03-31 14:20:06',NULL,1,1,NULL),(180,'http://i75.photobucket.com/albums/i289/oliverito/Crazy%20internship/customer_zpswkvygtlc.png','Mario Rossi','Glovo Customer','We customers would like a special button for M&M\'s',NULL,NULL,'2017-03-31 10:31:36','2017-03-31 10:31:36','2017-03-31 11:00:15',3,1,NULL),(181,'http://i75.photobucket.com/albums/i289/oliverito/Crazy%20internship/customer_zpswkvygtlc.png','Mario Rossi','Glovo Customer','We customers would like a special button for M&M\'s',NULL,NULL,'2017-03-31 10:31:36','2017-03-31 11:04:14',NULL,6,1,NULL),(182,'http://i75.photobucket.com/albums/i289/oliverito/Crazy%20internship/cristina_zpsdfau2bvm.png','Cristina Fogueras','Live Ops','A famous football player just ordered a glovo and we are saturated. What should we do?',NULL,NULL,'2017-03-31 10:41:01','2017-03-31 13:20:57',NULL,3,1,NULL),(183,'http://i75.photobucket.com/albums/i289/oliverito/departament_zpszjpkomrs.png','DEPARTMENT','Nice work!','You really did well! Oscar\'s back at the office. You can apply to our job offers. \nWhat was your name?',NULL,NULL,'2017-03-31 11:11:17','2017-04-01 19:10:21',NULL,5,1,NULL),(184,'http://i75.photobucket.com/albums/i289/oliverito/Crazy%20internship/cristina_zpsdfau2bvm.png','Cristina Fogueras','Live Ops','Gerard Piqué is publicly destroying our app on Instagram',NULL,NULL,'2017-03-31 11:43:39','2017-03-31 14:19:02',NULL,6,1,NULL),(185,'http://i75.photobucket.com/albums/i289/oliverito/death_zpsuhtjkrar.png','HAPPINESS','You are a dictator','Your employees got depressed and abandoned you and your company. You go back to your old job of monkey-trainer.',NULL,NULL,'2017-03-31 11:58:42','2017-03-31 11:58:42','2017-03-31 13:24:22',5,1,NULL),(186,'http://i75.photobucket.com/albums/i289/oliverito/death_zpsuhtjkrar.png','HAPPINESS','You are a dictator','Your employees got depressed and abandoned you and your company. You go back to your old job of monkey-trainer.',NULL,NULL,'2017-03-31 11:58:43','2017-03-31 13:57:34',NULL,5,1,NULL),(187,'http://i75.photobucket.com/albums/i289/oliverito/Crazy%20internship/Agente-marico_zpsjorqr99d.png','ARRESTED','You are a criminal!','Agente Maríco arrested you for illegal possess and consumption of  hallucinogens and narcotics. You spend the rest of your life in jail writing a book on your amazing startup.',NULL,NULL,'2017-03-31 12:19:29','2017-03-31 12:19:29',NULL,5,1,NULL);
/*!40000 ALTER TABLE `question` ENABLE KEYS */;
UNLOCK TABLES;

--
-- Table structure for table `user`
--

DROP TABLE IF EXISTS `user`;
/*!40101 SET @saved_cs_client     = @@character_set_client */;
/*!40101 SET character_set_client = utf8 */;
CREATE TABLE `user` (
  `id` int(11) NOT NULL AUTO_INCREMENT,
  `name` varchar(45) DEFAULT NULL,
  `email` varchar(255) NOT NULL,
  `role` varchar(255) DEFAULT NULL,
  `password` varchar(255) DEFAULT NULL,
  `created_at` datetime NOT NULL,
  `updated_at` datetime NOT NULL,
  `deleted_at` datetime DEFAULT NULL,
  PRIMARY KEY (`id`)
) ENGINE=InnoDB AUTO_INCREMENT=7 DEFAULT CHARSET=latin1;
/*!40101 SET character_set_client = @saved_cs_client */;

--
-- Dumping data for table `user`
--

LOCK TABLES `user` WRITE;
/*!40000 ALTER TABLE `user` DISABLE KEYS */;
INSERT INTO `user` VALUES (3,'Franchesco','zurit92@gmail.com','superAdmin','$2a$10$cc99oa5xmlMnoH6y1r7Wj.nDZtSl3vCh9gCGielRkUIMoBMV9QAsq','2017-03-18 20:40:52','2017-03-18 20:40:52',NULL),(4,'fake','fake@fake.com','superAdmin','$2a$10$Qw9nyuxyN/In1a7LI/QYBOKA21CAU7djL/NiHXipMAssunXs5.XRO','2017-03-18 22:39:58','2017-03-18 22:39:58',NULL),(5,'Clementini','clemente@italiani.com','superAdmin','$2a$10$CmQTq26XzQlmEHFkyz6cN.QOiye3fSLjht1aB./jiqwgEWOsuFV7C','2017-03-30 16:02:55','2017-03-30 16:02:55',NULL),(6,'Clementini','clemente@italiani.com','superAdmin','$2a$10$IoHPCnfFEjt3cktv4q0M1uMqxkPFbcjTLpCpx613ow7A0ZTRELaMq','2017-03-30 16:10:31','2017-03-30 16:10:31',NULL);
/*!40000 ALTER TABLE `user` ENABLE KEYS */;
UNLOCK TABLES;
/*!40103 SET TIME_ZONE=@OLD_TIME_ZONE */;

/*!40101 SET SQL_MODE=@OLD_SQL_MODE */;
/*!40014 SET FOREIGN_KEY_CHECKS=@OLD_FOREIGN_KEY_CHECKS */;
/*!40014 SET UNIQUE_CHECKS=@OLD_UNIQUE_CHECKS */;
/*!40101 SET CHARACTER_SET_CLIENT=@OLD_CHARACTER_SET_CLIENT */;
/*!40101 SET CHARACTER_SET_RESULTS=@OLD_CHARACTER_SET_RESULTS */;
/*!40101 SET COLLATION_CONNECTION=@OLD_COLLATION_CONNECTION */;
/*!40111 SET SQL_NOTES=@OLD_SQL_NOTES */;

-- Dump completed on 2017-04-02 13:16:50
